{
	"start":	{
		"connected":	[{
				"socket":	5,
				"local_host":	"172.16.53.128",
				"local_port":	49502,
				"remote_host":	"172.16.53.128",
				"remote_port":	25201
			}],
		"version":	"iperf 3.9",
		"system_info":	"Linux vastbase 5.15.0-78-generic #85-Ubuntu SMP Fri Jul 7 15:25:09 UTC 2023 x86_64",
		"timestamp":	{
			"time":	"Fri, 17 Apr 2026 09:48:30 GMT",
			"timesecs":	1776419310
		},
		"connecting_to":	{
			"host":	"172.16.53.128",
			"port":	25201
		},
		"cookie":	"2nisfkb2p7f5kenxcqk7tmeg7iemkscfta5d",
		"tcp_mss_default":	32768,
		"sock_bufsize":	0,
		"sndbuf_actual":	250000,
		"rcvbuf_actual":	250000,
		"test_start":	{
			"protocol":	"TCP",
			"num_streams":	1,
			"blksize":	131072,
			"omit":	0,
			"duration":	2,
			"bytes":	0,
			"blocks":	0,
			"reverse":	0,
			"tos":	0
		}
	},
	"intervals":	[{
			"streams":	[{
					"socket":	5,
					"start":	0,
					"end":	1.000225,
					"seconds":	1.0002249479293823,
					"bytes":	1680343040,
					"bits_per_second":	13439721082.571,
					"retransmits":	0,
					"snd_cwnd":	5304123,
					"rtt":	65,
					"rttvar":	39,
					"pmtu":	65535,
					"omitted":	false,
					"sender":	true
				}],
			"sum":	{
				"start":	0,
				"end":	1.000225,
				"seconds":	1.0002249479293823,
				"bytes":	1680343040,
				"bits_per_second":	13439721082.571,
				"retransmits":	0,
				"omitted":	false,
				"sender":	true
			}
		}, {
			"streams":	[{
					"socket":	5,
					"start":	1.000225,
					"end":	2.000072,
					"seconds":	0.99984699487686157,
					"bytes":	1997537280,
					"bits_per_second":	15982743681.665104,
					"retransmits":	0,
					"snd_cwnd":	5827987,
					"rtt":	94,
					"rttvar":	5,
					"pmtu":	65535,
					"omitted":	false,
					"sender":	true
				}],
			"sum":	{
				"start":	1.000225,
				"end":	2.000072,
				"seconds":	0.99984699487686157,
				"bytes":	1997537280,
				"bits_per_second":	15982743681.665104,
				"retransmits":	0,
				"omitted":	false,
				"sender":	true
			}
		}],
	"end":	{
		"streams":	[{
				"sender":	{
					"socket":	5,
					"start":	0,
					"end":	2.000072,
					"seconds":	2.000072,
					"bytes":	3677880320,
					"bits_per_second":	14710991684.299366,
					"retransmits":	0,
					"max_snd_cwnd":	5827987,
					"max_rtt":	94,
					"min_rtt":	65,
					"mean_rtt":	79,
					"sender":	true
				},
				"receiver":	{
					"socket":	5,
					"start":	0,
					"end":	2.046662,
					"seconds":	2.000072,
					"bytes":	3677880320,
					"bits_per_second":	14376112206.119038,
					"sender":	true
				}
			}],
		"sum_sent":	{
			"start":	0,
			"end":	2.000072,
			"seconds":	2.000072,
			"bytes":	3677880320,
			"bits_per_second":	14710991684.299366,
			"retransmits":	0,
			"sender":	true
		},
		"sum_received":	{
			"start":	0,
			"end":	2.046662,
			"seconds":	2.046662,
			"bytes":	3677880320,
			"bits_per_second":	14376112206.119038,
			"sender":	true
		},
		"cpu_utilization_percent":	{
			"host_total":	87.962656144509054,
			"host_user":	2.4941104119894537,
			"host_system":	85.4684979855556,
			"remote_total":	65.680984038769765,
			"remote_user":	6.3916911592907164,
			"remote_system":	59.289292879479049
		},
		"sender_tcp_congestion":	"cubic",
		"receiver_tcp_congestion":	"cubic"
	}
}
