{
	"start":	{
		"connected":	[{
				"socket":	5,
				"local_host":	"172.16.53.128",
				"local_port":	49540,
				"remote_host":	"172.16.53.128",
				"remote_port":	25201
			}],
		"version":	"iperf 3.9",
		"system_info":	"Linux vastbase 5.15.0-78-generic #85-Ubuntu SMP Fri Jul 7 15:25:09 UTC 2023 x86_64",
		"timestamp":	{
			"time":	"Fri, 17 Apr 2026 09:48:34 GMT",
			"timesecs":	1776419314
		},
		"connecting_to":	{
			"host":	"172.16.53.128",
			"port":	25201
		},
		"cookie":	"tfx4p4yt3dc7gii7y7355bwapca4oc6bfn5p",
		"tcp_mss_default":	32768,
		"sock_bufsize":	0,
		"sndbuf_actual":	250000,
		"rcvbuf_actual":	250000,
		"test_start":	{
			"protocol":	"TCP",
			"num_streams":	1,
			"blksize":	131072,
			"omit":	0,
			"duration":	2,
			"bytes":	0,
			"blocks":	0,
			"reverse":	0,
			"tos":	0
		}
	},
	"intervals":	[{
			"streams":	[{
					"socket":	5,
					"start":	0,
					"end":	1.000026,
					"seconds":	1.0000259876251221,
					"bytes":	1941176320,
					"bits_per_second":	15529006997.987617,
					"retransmits":	0,
					"snd_cwnd":	1899007,
					"rtt":	112,
					"rttvar":	12,
					"pmtu":	65535,
					"omitted":	false,
					"sender":	true
				}],
			"sum":	{
				"start":	0,
				"end":	1.000026,
				"seconds":	1.0000259876251221,
				"bytes":	1941176320,
				"bits_per_second":	15529006997.987617,
				"retransmits":	0,
				"omitted":	false,
				"sender":	true
			}
		}, {
			"streams":	[{
					"socket":	5,
					"start":	1.000026,
					"end":	2.000427,
					"seconds":	1.0004010200500488,
					"bytes":	1871708160,
					"bits_per_second":	14967662947.055859,
					"retransmits":	0,
					"snd_cwnd":	4256395,
					"rtt":	101,
					"rttvar":	27,
					"pmtu":	65535,
					"omitted":	false,
					"sender":	true
				}],
			"sum":	{
				"start":	1.000026,
				"end":	2.000427,
				"seconds":	1.0004010200500488,
				"bytes":	1871708160,
				"bits_per_second":	14967662947.055859,
				"retransmits":	0,
				"omitted":	false,
				"sender":	true
			}
		}],
	"end":	{
		"streams":	[{
				"sender":	{
					"socket":	5,
					"start":	0,
					"end":	2.000427,
					"seconds":	2.000427,
					"bytes":	3812884480,
					"bits_per_second":	15248282411.7051,
					"retransmits":	0,
					"max_snd_cwnd":	4256395,
					"max_rtt":	112,
					"min_rtt":	101,
					"mean_rtt":	106,
					"sender":	true
				},
				"receiver":	{
					"socket":	5,
					"start":	0,
					"end":	2.042648,
					"seconds":	2.000427,
					"bytes":	3812884480,
					"bits_per_second":	14933104401.737354,
					"sender":	true
				}
			}],
		"sum_sent":	{
			"start":	0,
			"end":	2.000427,
			"seconds":	2.000427,
			"bytes":	3812884480,
			"bits_per_second":	15248282411.7051,
			"retransmits":	0,
			"sender":	true
		},
		"sum_received":	{
			"start":	0,
			"end":	2.042648,
			"seconds":	2.042648,
			"bytes":	3812884480,
			"bits_per_second":	14933104401.737354,
			"sender":	true
		},
		"cpu_utilization_percent":	{
			"host_total":	96.635925663127821,
			"host_user":	2.298020705232537,
			"host_system":	94.337904957895276,
			"remote_total":	73.5217275961004,
			"remote_user":	7.51774500984535,
			"remote_system":	66.003982586255034
		},
		"sender_tcp_congestion":	"cubic",
		"receiver_tcp_congestion":	"cubic"
	}
}
