{
	"start":	{
		"connected":	[{
				"socket":	5,
				"local_host":	"172.16.53.128",
				"local_port":	46352,
				"remote_host":	"172.16.53.128",
				"remote_port":	25201
			}],
		"version":	"iperf 3.9",
		"system_info":	"Linux vastbase 5.15.0-78-generic #85-Ubuntu SMP Fri Jul 7 15:25:09 UTC 2023 x86_64",
		"timestamp":	{
			"time":	"Fri, 17 Apr 2026 09:48:15 GMT",
			"timesecs":	1776419295
		},
		"connecting_to":	{
			"host":	"172.16.53.128",
			"port":	25201
		},
		"cookie":	"o7az5ozq4mslnrjkjhgfcnzaprqecnw4v5qg",
		"tcp_mss_default":	32768,
		"sock_bufsize":	0,
		"sndbuf_actual":	250000,
		"rcvbuf_actual":	250000,
		"test_start":	{
			"protocol":	"TCP",
			"num_streams":	1,
			"blksize":	131072,
			"omit":	0,
			"duration":	2,
			"bytes":	0,
			"blocks":	0,
			"reverse":	0,
			"tos":	0
		}
	},
	"intervals":	[{
			"streams":	[{
					"socket":	5,
					"start":	0,
					"end":	1.000228,
					"seconds":	1.0002280473709106,
					"bytes":	1844183040,
					"bits_per_second":	14750100598.337881,
					"retransmits":	0,
					"snd_cwnd":	1178694,
					"rtt":	105,
					"rttvar":	8,
					"pmtu":	65535,
					"omitted":	false,
					"sender":	true
				}],
			"sum":	{
				"start":	0,
				"end":	1.000228,
				"seconds":	1.0002280473709106,
				"bytes":	1844183040,
				"bits_per_second":	14750100598.337881,
				"retransmits":	0,
				"omitted":	false,
				"sender":	true
			}
		}, {
			"streams":	[{
					"socket":	5,
					"start":	1.000228,
					"end":	2.00059,
					"seconds":	1.0003620386123657,
					"bytes":	1880883200,
					"bits_per_second":	15041619952.784561,
					"retransmits":	0,
					"snd_cwnd":	2684803,
					"rtt":	95,
					"rttvar":	16,
					"pmtu":	65535,
					"omitted":	false,
					"sender":	true
				}],
			"sum":	{
				"start":	1.000228,
				"end":	2.00059,
				"seconds":	1.0003620386123657,
				"bytes":	1880883200,
				"bits_per_second":	15041619952.784561,
				"retransmits":	0,
				"omitted":	false,
				"sender":	true
			}
		}],
	"end":	{
		"streams":	[{
				"sender":	{
					"socket":	5,
					"start":	0,
					"end":	2.00059,
					"seconds":	2.00059,
					"bytes":	3725066240,
					"bits_per_second":	14895870678.149946,
					"retransmits":	0,
					"max_snd_cwnd":	2684803,
					"max_rtt":	105,
					"min_rtt":	95,
					"mean_rtt":	100,
					"sender":	true
				},
				"receiver":	{
					"socket":	5,
					"start":	0,
					"end":	2.04307,
					"seconds":	2.00059,
					"bytes":	3725066240,
					"bits_per_second":	14586152172.955404,
					"sender":	true
				}
			}],
		"sum_sent":	{
			"start":	0,
			"end":	2.00059,
			"seconds":	2.00059,
			"bytes":	3725066240,
			"bits_per_second":	14895870678.149946,
			"retransmits":	0,
			"sender":	true
		},
		"sum_received":	{
			"start":	0,
			"end":	2.04307,
			"seconds":	2.04307,
			"bytes":	3725066240,
			"bits_per_second":	14586152172.955404,
			"sender":	true
		},
		"cpu_utilization_percent":	{
			"host_total":	96.536341953812467,
			"host_user":	2.9490054343063754,
			"host_system":	93.587288635935948,
			"remote_total":	39.241795556186624,
			"remote_user":	4.7741112592068857,
			"remote_system":	34.467708610405076
		},
		"sender_tcp_congestion":	"cubic",
		"receiver_tcp_congestion":	"cubic"
	}
}
