{
  "fio version" : "fio-3.28",
  "timestamp" : 1776398737,
  "timestamp_ms" : 1776398737448,
  "time" : "Fri Apr 17 12:05:37 2026",
  "global options" : {
    "ioengine" : "libaio",
    "direct" : "1",
    "size" : "10G",
    "runtime" : "5"
  },
  "jobs" : [
    {
      "jobname" : "randwrite",
      "groupid" : 0,
      "error" : 0,
      "eta" : 0,
      "elapsed" : 6,
      "job options" : {
        "rw" : "randwrite",
        "bs" : "8K",
        "iodepth" : "64",
        "numjobs" : "4",
        "filename" : "/tmp/fio_test_randwrite"
      },
      "read" : {
        "io_bytes" : 0,
        "io_kbytes" : 0,
        "bw_bytes" : 0,
        "bw" : 0,
        "iops" : 0.000000,
        "runtime" : 0,
        "total_ios" : 0,
        "short_ios" : 0,
        "drop_ios" : 0,
        "slat_ns" : {
          "min" : 0,
          "max" : 0,
          "mean" : 0.000000,
          "stddev" : 0.000000,
          "N" : 0
        },
        "clat_ns" : {
          "min" : 0,
          "max" : 0,
          "mean" : 0.000000,
          "stddev" : 0.000000,
          "N" : 0
        },
        "lat_ns" : {
          "min" : 0,
          "max" : 0,
          "mean" : 0.000000,
          "stddev" : 0.000000,
          "N" : 0
        },
        "bw_min" : 0,
        "bw_max" : 0,
        "bw_agg" : 0.000000,
        "bw_mean" : 0.000000,
        "bw_dev" : 0.000000,
        "bw_samples" : 0,
        "iops_min" : 0,
        "iops_max" : 0,
        "iops_mean" : 0.000000,
        "iops_stddev" : 0.000000,
        "iops_samples" : 0
      },
      "write" : {
        "io_bytes" : 1734311936,
        "io_kbytes" : 1693664,
        "bw_bytes" : 346585119,
        "bw" : 338462,
        "iops" : 42307.753797,
        "runtime" : 5004,
        "total_ios" : 211708,
        "short_ios" : 0,
        "drop_ios" : 0,
        "slat_ns" : {
          "min" : 9886,
          "max" : 5995718,
          "mean" : 15869.303772,
          "stddev" : 29399.392031,
          "N" : 211708
        },
        "clat_ns" : {
          "min" : 839244,
          "max" : 42447467,
          "mean" : 6031497.764903,
          "stddev" : 1494896.205628,
          "N" : 211708,
          "percentile" : {
            "1.000000" : 3031040,
            "5.000000" : 4292608,
            "10.000000" : 4882432,
            "20.000000" : 5406720,
            "30.000000" : 5668864,
            "40.000000" : 5865472,
            "50.000000" : 6062080,
            "60.000000" : 6193152,
            "70.000000" : 6324224,
            "80.000000" : 6455296,
            "90.000000" : 6717440,
            "95.000000" : 7110656,
            "99.000000" : 12386304,
            "99.500000" : 14221312,
            "99.900000" : 22151168,
            "99.950000" : 25559040,
            "99.990000" : 32899072
          }
        },
        "lat_ns" : {
          "min" : 851698,
          "max" : 42461671,
          "mean" : 6047550.632886,
          "stddev" : 1494770.655647,
          "N" : 211708
        },
        "bw_min" : 327040,
        "bw_max" : 351824,
        "bw_agg" : 100.000000,
        "bw_mean" : 339026.666667,
        "bw_dev" : 1865.474014,
        "bw_samples" : 36,
        "iops_min" : 40880,
        "iops_max" : 43978,
        "iops_mean" : 42378.333333,
        "iops_stddev" : 233.184252,
        "iops_samples" : 36
      },
      "trim" : {
        "io_bytes" : 0,
        "io_kbytes" : 0,
        "bw_bytes" : 0,
        "bw" : 0,
        "iops" : 0.000000,
        "runtime" : 0,
        "total_ios" : 0,
        "short_ios" : 0,
        "drop_ios" : 0,
        "slat_ns" : {
          "min" : 0,
          "max" : 0,
          "mean" : 0.000000,
          "stddev" : 0.000000,
          "N" : 0
        },
        "clat_ns" : {
          "min" : 0,
          "max" : 0,
          "mean" : 0.000000,
          "stddev" : 0.000000,
          "N" : 0
        },
        "lat_ns" : {
          "min" : 0,
          "max" : 0,
          "mean" : 0.000000,
          "stddev" : 0.000000,
          "N" : 0
        },
        "bw_min" : 0,
        "bw_max" : 0,
        "bw_agg" : 0.000000,
        "bw_mean" : 0.000000,
        "bw_dev" : 0.000000,
        "bw_samples" : 0,
        "iops_min" : 0,
        "iops_max" : 0,
        "iops_mean" : 0.000000,
        "iops_stddev" : 0.000000,
        "iops_samples" : 0
      },
      "sync" : {
        "total_ios" : 0,
        "lat_ns" : {
          "min" : 0,
          "max" : 0,
          "mean" : 0.000000,
          "stddev" : 0.000000,
          "N" : 0
        }
      },
      "job_runtime" : 20010,
      "usr_cpu" : 4.557721,
      "sys_cpu" : 15.217391,
      "ctx" : 29084,
      "majf" : 0,
      "minf" : 45,
      "iodepth_level" : {
        "1" : 0.100000,
        "2" : 0.100000,
        "4" : 0.100000,
        "8" : 0.100000,
        "16" : 0.100000,
        "32" : 0.100000,
        ">=64" : 99.880968
      },
      "iodepth_submit" : {
        "0" : 0.000000,
        "4" : 100.000000,
        "8" : 0.000000,
        "16" : 0.000000,
        "32" : 0.000000,
        "64" : 0.000000,
        ">=64" : 0.000000
      },
      "iodepth_complete" : {
        "0" : 0.000000,
        "4" : 99.998108,
        "8" : 0.000000,
        "16" : 0.000000,
        "32" : 0.000000,
        "64" : 0.100000,
        ">=64" : 0.000000
      },
      "latency_ns" : {
        "2" : 0.000000,
        "4" : 0.000000,
        "10" : 0.000000,
        "20" : 0.000000,
        "50" : 0.000000,
        "100" : 0.000000,
        "250" : 0.000000,
        "500" : 0.000000,
        "750" : 0.000000,
        "1000" : 0.000000
      },
      "latency_us" : {
        "2" : 0.000000,
        "4" : 0.000000,
        "10" : 0.000000,
        "20" : 0.000000,
        "50" : 0.000000,
        "100" : 0.000000,
        "250" : 0.000000,
        "500" : 0.000000,
        "750" : 0.000000,
        "1000" : 0.010000
      },
      "latency_ms" : {
        "2" : 0.183744,
        "4" : 3.254010,
        "10" : 94.648762,
        "20" : 1.740133,
        "50" : 0.171463,
        "100" : 0.000000,
        "250" : 0.000000,
        "500" : 0.000000,
        "750" : 0.000000,
        "1000" : 0.000000,
        "2000" : 0.000000,
        ">=2000" : 0.000000
      },
      "latency_depth" : 64,
      "latency_target" : 0,
      "latency_percentile" : 100.000000,
      "latency_window" : 0
    }
  ],
  "disk_util" : [
    {
      "name" : "dm-0",
      "read_ios" : 0,
      "write_ios" : 207070,
      "read_merges" : 0,
      "write_merges" : 0,
      "read_ticks" : 0,
      "write_ticks" : 1210856,
      "in_queue" : 1210856,
      "util" : 98.154093,
      "aggr_read_ios" : 0,
      "aggr_write_ios" : 211809,
      "aggr_read_merges" : 0,
      "aggr_write_merge" : 65,
      "aggr_read_ticks" : 0,
      "aggr_write_ticks" : 1242896,
      "aggr_in_queue" : 1242896,
      "aggr_util" : 97.134005
    },
    {
      "name" : "sda",
      "read_ios" : 0,
      "write_ios" : 211809,
      "read_merges" : 0,
      "write_merges" : 65,
      "read_ticks" : 0,
      "write_ticks" : 1242896,
      "in_queue" : 1242896,
      "util" : 97.134005
    }
  ]
}
