{
	"start":	{
		"connected":	[{
				"socket":	5,
				"local_host":	"172.16.53.128",
				"local_port":	59290,
				"remote_host":	"172.16.53.128",
				"remote_port":	25201
			}],
		"version":	"iperf 3.9",
		"system_info":	"Linux vastbase 5.15.0-78-generic #85-Ubuntu SMP Fri Jul 7 15:25:09 UTC 2023 x86_64",
		"timestamp":	{
			"time":	"Thu, 16 Apr 2026 05:53:44 GMT",
			"timesecs":	1776318824
		},
		"connecting_to":	{
			"host":	"172.16.53.128",
			"port":	25201
		},
		"cookie":	"ti2qz2ddq5hdwojdo5nirvxicljjdgjzp7e7",
		"tcp_mss_default":	32768,
		"sock_bufsize":	0,
		"sndbuf_actual":	250000,
		"rcvbuf_actual":	250000,
		"test_start":	{
			"protocol":	"TCP",
			"num_streams":	1,
			"blksize":	131072,
			"omit":	0,
			"duration":	30,
			"bytes":	0,
			"blocks":	0,
			"reverse":	0,
			"tos":	0
		}
	},
	"intervals":	[{
			"streams":	[{
					"socket":	5,
					"start":	0,
					"end":	1.013164,
					"seconds":	1.0131640434265137,
					"bytes":	846725120,
					"bits_per_second":	6685788944.00067,
					"retransmits":	0,
					"snd_cwnd":	8709239,
					"rtt":	1022,
					"rttvar":	1920,
					"pmtu":	65535,
					"omitted":	false,
					"sender":	true
				}],
			"sum":	{
				"start":	0,
				"end":	1.013164,
				"seconds":	1.0131640434265137,
				"bytes":	846725120,
				"bits_per_second":	6685788944.00067,
				"retransmits":	0,
				"omitted":	false,
				"sender":	true
			}
		}, {
			"streams":	[{
					"socket":	5,
					"start":	1.013164,
					"end":	2.004246,
					"seconds":	0.99108201265335083,
					"bytes":	1098383360,
					"bits_per_second":	8866134959.3814468,
					"retransmits":	0,
					"snd_cwnd":	8709239,
					"rtt":	831,
					"rttvar":	1321,
					"pmtu":	65535,
					"omitted":	false,
					"sender":	true
				}],
			"sum":	{
				"start":	1.013164,
				"end":	2.004246,
				"seconds":	0.99108201265335083,
				"bytes":	1098383360,
				"bits_per_second":	8866134959.3814468,
				"retransmits":	0,
				"omitted":	false,
				"sender":	true
			}
		}, {
			"streams":	[{
					"socket":	5,
					"start":	2.004246,
					"end":	3.00046,
					"seconds":	0.996213972568512,
					"bytes":	2005401600,
					"bits_per_second":	16104183681.178665,
					"retransmits":	0,
					"snd_cwnd":	8709239,
					"rtt":	95,
					"rttvar":	4,
					"pmtu":	65535,
					"omitted":	false,
					"sender":	true
				}],
			"sum":	{
				"start":	2.004246,
				"end":	3.00046,
				"seconds":	0.996213972568512,
				"bytes":	2005401600,
				"bits_per_second":	16104183681.178665,
				"retransmits":	0,
				"omitted":	false,
				"sender":	true
			}
		}, {
			"streams":	[{
					"socket":	5,
					"start":	3.00046,
					"end":	4.000544,
					"seconds":	1.0000840425491333,
					"bytes":	1983119360,
					"bits_per_second":	15863621660.79714,
					"retransmits":	0,
					"snd_cwnd":	8709239,
					"rtt":	104,
					"rttvar":	16,
					"pmtu":	65535,
					"omitted":	false,
					"sender":	true
				}],
			"sum":	{
				"start":	3.00046,
				"end":	4.000544,
				"seconds":	1.0000840425491333,
				"bytes":	1983119360,
				"bits_per_second":	15863621660.79714,
				"retransmits":	0,
				"omitted":	false,
				"sender":	true
			}
		}, {
			"streams":	[{
					"socket":	5,
					"start":	4.000544,
					"end":	5.000057,
					"seconds":	0.99951297044754028,
					"bytes":	2005401600,
					"bits_per_second":	16051030126.018793,
					"retransmits":	0,
					"snd_cwnd":	8709239,
					"rtt":	91,
					"rttvar":	4,
					"pmtu":	65535,
					"omitted":	false,
					"sender":	true
				}],
			"sum":	{
				"start":	4.000544,
				"end":	5.000057,
				"seconds":	0.99951297044754028,
				"bytes":	2005401600,
				"bits_per_second":	16051030126.018793,
				"retransmits":	0,
				"omitted":	false,
				"sender":	true
			}
		}, {
			"streams":	[{
					"socket":	5,
					"start":	5.000057,
					"end":	6.000187,
					"seconds":	1.0001300573349,
					"bytes":	2046033920,
					"bits_per_second":	16366142823.081839,
					"retransmits":	0,
					"snd_cwnd":	8709239,
					"rtt":	100,
					"rttvar":	9,
					"pmtu":	65535,
					"omitted":	false,
					"sender":	true
				}],
			"sum":	{
				"start":	5.000057,
				"end":	6.000187,
				"seconds":	1.0001300573349,
				"bytes":	2046033920,
				"bits_per_second":	16366142823.081839,
				"retransmits":	0,
				"omitted":	false,
				"sender":	true
			}
		}, {
			"streams":	[{
					"socket":	5,
					"start":	6.000187,
					"end":	7.000154,
					"seconds":	0.99996697902679443,
					"bytes":	1981808640,
					"bits_per_second":	15854992667.28804,
					"retransmits":	0,
					"snd_cwnd":	8709239,
					"rtt":	101,
					"rttvar":	2,
					"pmtu":	65535,
					"omitted":	false,
					"sender":	true
				}],
			"sum":	{
				"start":	6.000187,
				"end":	7.000154,
				"seconds":	0.99996697902679443,
				"bytes":	1981808640,
				"bits_per_second":	15854992667.28804,
				"retransmits":	0,
				"omitted":	false,
				"sender":	true
			}
		}, {
			"streams":	[{
					"socket":	5,
					"start":	7.000154,
					"end":	8.000345,
					"seconds":	1.0001909732818604,
					"bytes":	2014576640,
					"bits_per_second":	16113535865.173454,
					"retransmits":	0,
					"snd_cwnd":	8709239,
					"rtt":	88,
					"rttvar":	4,
					"pmtu":	65535,
					"omitted":	false,
					"sender":	true
				}],
			"sum":	{
				"start":	7.000154,
				"end":	8.000345,
				"seconds":	1.0001909732818604,
				"bytes":	2014576640,
				"bits_per_second":	16113535865.173454,
				"retransmits":	0,
				"omitted":	false,
				"sender":	true
			}
		}, {
			"streams":	[{
					"socket":	5,
					"start":	8.000345,
					"end":	9.000259,
					"seconds":	0.999913990497589,
					"bytes":	1132462080,
					"bits_per_second":	9060475927.02609,
					"retransmits":	0,
					"snd_cwnd":	8709239,
					"rtt":	1566,
					"rttvar":	2938,
					"pmtu":	65535,
					"omitted":	false,
					"sender":	true
				}],
			"sum":	{
				"start":	8.000345,
				"end":	9.000259,
				"seconds":	0.999913990497589,
				"bytes":	1132462080,
				"bits_per_second":	9060475927.02609,
				"retransmits":	0,
				"omitted":	false,
				"sender":	true
			}
		}, {
			"streams":	[{
					"socket":	5,
					"start":	9.000259,
					"end":	10.000472,
					"seconds":	1.0002130270004272,
					"bytes":	760217600,
					"bits_per_second":	6080445500.9336748,
					"retransmits":	0,
					"snd_cwnd":	8709239,
					"rtt":	319,
					"rttvar":	385,
					"pmtu":	65535,
					"omitted":	false,
					"sender":	true
				}],
			"sum":	{
				"start":	9.000259,
				"end":	10.000472,
				"seconds":	1.0002130270004272,
				"bytes":	760217600,
				"bits_per_second":	6080445500.9336748,
				"retransmits":	0,
				"omitted":	false,
				"sender":	true
			}
		}, {
			"streams":	[{
					"socket":	5,
					"start":	10.000472,
					"end":	11.000142,
					"seconds":	0.99967002868652344,
					"bytes":	1810104320,
					"bits_per_second":	14485614397.209162,
					"retransmits":	0,
					"snd_cwnd":	8709239,
					"rtt":	93,
					"rttvar":	3,
					"pmtu":	65535,
					"omitted":	false,
					"sender":	true
				}],
			"sum":	{
				"start":	10.000472,
				"end":	11.000142,
				"seconds":	0.99967002868652344,
				"bytes":	1810104320,
				"bits_per_second":	14485614397.209162,
				"retransmits":	0,
				"omitted":	false,
				"sender":	true
			}
		}, {
			"streams":	[{
					"socket":	5,
					"start":	11.000142,
					"end":	12.000162,
					"seconds":	1.0000200271606445,
					"bytes":	2101084160,
					"bits_per_second":	16808336656.741608,
					"retransmits":	0,
					"snd_cwnd":	8709239,
					"rtt":	93,
					"rttvar":	3,
					"pmtu":	65535,
					"omitted":	false,
					"sender":	true
				}],
			"sum":	{
				"start":	11.000142,
				"end":	12.000162,
				"seconds":	1.0000200271606445,
				"bytes":	2101084160,
				"bits_per_second":	16808336656.741608,
				"retransmits":	0,
				"omitted":	false,
				"sender":	true
			}
		}, {
			"streams":	[{
					"socket":	5,
					"start":	12.000162,
					"end":	13.000485,
					"seconds":	1.0003230571746826,
					"bytes":	2115502080,
					"bits_per_second":	16918550980.720444,
					"retransmits":	0,
					"snd_cwnd":	8709239,
					"rtt":	81,
					"rttvar":	10,