{
	"start":	{
		"connected":	[{
				"socket":	5,
				"local_host":	"172.16.53.128",
				"local_port":	57594,
				"remote_host":	"172.16.53.128",
				"remote_port":	25201
			}],
		"version":	"iperf 3.9",
		"system_info":	"Linux vastbase 5.15.0-78-generic #85-Ubuntu SMP Fri Jul 7 15:25:09 UTC 2023 x86_64",
		"timestamp":	{
			"time":	"Thu, 16 Apr 2026 05:22:05 GMT",
			"timesecs":	1776316925
		},
		"connecting_to":	{
			"host":	"172.16.53.128",
			"port":	25201
		},
		"cookie":	"p2jzj7icme7sq4t4jt47u5ieic77b66jop5l",
		"tcp_mss_default":	32768,
		"sock_bufsize":	0,
		"sndbuf_actual":	250000,
		"rcvbuf_actual":	250000,
		"test_start":	{
			"protocol":	"TCP",
			"num_streams":	1,
			"blksize":	131072,
			"omit":	0,
			"duration":	20,
			"bytes":	0,
			"blocks":	0,
			"reverse":	0,
			"tos":	0
		}
	},
	"intervals":	[{
			"streams":	[{
					"socket":	5,
					"start":	0,
					"end":	1.000404,
					"seconds":	1.0004040002822876,
					"bytes":	2112880640,
					"bits_per_second":	16896219042.737141,
					"retransmits":	0,
					"snd_cwnd":	1440626,
					"rtt":	89,
					"rttvar":	6,
					"pmtu":	65535,
					"omitted":	false,
					"sender":	true
				}],
			"sum":	{
				"start":	0,
				"end":	1.000404,
				"seconds":	1.0004040002822876,
				"bytes":	2112880640,
				"bits_per_second":	16896219042.737141,
				"retransmits":	0,
				"omitted":	false,
				"sender":	true
			}
		}, {
			"streams":	[{
					"socket":	5,
					"start":	1.000404,
					"end":	2.000206,
					"seconds":	0.999801993370056,
					"bytes":	1964701677,
					"bits_per_second":	15720726224.019888,
					"retransmits":	0,
					"snd_cwnd":	1833524,
					"rtt":	76,
					"rttvar":	27,
					"pmtu":	65535,
					"omitted":	false,
					"sender":	true
				}],
			"sum":	{
				"start":	1.000404,
				"end":	2.000206,
				"seconds":	0.999801993370056,
				"bytes":	1964701677,
				"bits_per_second":	15720726224.019888,
				"retransmits":	0,
				"omitted":	false,
				"sender":	true
			}
		}, {
			"streams":	[{
					"socket":	5,
					"start":	2.000206,
					"end":	3.000099,
					"seconds":	0.99989300966262817,
					"bytes":	1869086720,
					"bits_per_second":	14954293724.930788,
					"retransmits":	0,
					"snd_cwnd":	2553837,
					"rtt":	78,
					"rttvar":	25,
					"pmtu":	65535,
					"omitted":	false,
					"sender":	true
				}],
			"sum":	{
				"start":	2.000206,
				"end":	3.000099,
				"seconds":	0.99989300966262817,
				"bytes":	1869086720,
				"bits_per_second":	14954293724.930788,
				"retransmits":	0,
				"omitted":	false,
				"sender":	true
			}
		}, {
			"streams":	[{
					"socket":	5,
					"start":	3.000099,
					"end":	4.000121,
					"seconds":	1.0000220537185669,
					"bytes":	1934622720,
					"bits_per_second":	15476640442.527319,
					"retransmits":	0,
					"snd_cwnd":	2553837,
					"rtt":	76,
					"rttvar":	20,
					"pmtu":	65535,
					"omitted":	false,
					"sender":	true
				}],
			"sum":	{
				"start":	3.000099,
				"end":	4.000121,
				"seconds":	1.0000220537185669,
				"bytes":	1934622720,
				"bits_per_second":	15476640442.527319,
				"retransmits":	0,
				"omitted":	false,
				"sender":	true
			}
		}, {
			"streams":	[{
					"socket":	5,
					"start":	4.000121,
					"end":	5.008383,
					"seconds":	1.008262038230896,
					"bytes":	1637089280,
					"bits_per_second":	12989395358.948147,
					"retransmits":	0,
					"snd_cwnd":	3798014,
					"rtt":	422,
					"rttvar":	700,
					"pmtu":	65535,
					"omitted":	false,
					"sender":	true
				}],
			"sum":	{
				"start":	4.000121,
				"end":	5.008383,
				"seconds":	1.008262038230896,
				"bytes":	1637089280,
				"bits_per_second":	12989395358.948147,
				"retransmits":	0,
				"omitted":	false,
				"sender":	true
			}
		}, {
			"streams":	[{
					"socket":	5,
					"start":	5.008383,
					"end":	6.00384,
					"seconds":	0.9954569935798645,
					"bytes":	1005322240,
					"bits_per_second":	8079282150.6806278,
					"retransmits":	0,
					"snd_cwnd":	5435089,
					"rtt":	819,
					"rttvar":	1328,
					"pmtu":	65535,
					"omitted":	false,
					"sender":	true
				}],
			"sum":	{
				"start":	5.008383,
				"end":	6.00384,
				"seconds":	0.9954569935798645,
				"bytes":	1005322240,
				"bits_per_second":	8079282150.6806278,
				"retransmits":	0,
				"omitted":	false,
				"sender":	true
			}
		}, {
			"streams":	[{
					"socket":	5,
					"start":	6.00384,
					"end":	7.000157,
					"seconds":	0.99631702899932861,
					"bytes":	1009254400,
					"bits_per_second":	8103881560.7812328,
					"retransmits":	0,
					"snd_cwnd":	7596028,
					"rtt":	124,
					"rttvar":	22,
					"pmtu":	65535,
					"omitted":	false,
					"sender":	true
				}],
			"sum":	{
				"start":	6.00384,
				"end":	7.000157,
				"seconds":	0.99631702899932861,
				"bytes":	1009254400,
				"bits_per_second":	8103881560.7812328,
				"retransmits":	0,
				"omitted":	false,
				"sender":	true
			}
		}, {
			"streams":	[{
					"socket":	5,
					"start":	7.000157,
					"end":	8.00041,
					"seconds":	1.0002529621124268,
					"bytes":	1833697280,
					"bits_per_second":	14665868330.966427,
					"retransmits":	0,
					"snd_cwnd":	7596028,
					"rtt":	83,
					"rttvar":	28,
					"pmtu":	65535,
					"omitted":	false,
					"sender":	true
				}],
			"sum":	{
				"start":	7.000157,
				"end":	8.00041,
				"seconds":	1.0002529621124268,
				"bytes":	1833697280,
				"bits_per_second":	14665868330.966427,
				"retransmits":	0,
				"omitted":	false,
				"sender":	true
			}
		}, {
			"streams":	[{
					"socket":	5,
					"start":	8.00041,
					"end":	9.00038,
					"seconds":	0.999970018863678,
					"bytes":	1757675520,
					"bits_per_second":	14061825749.514732,
					"retransmits":	0,
					"snd_cwnd":	7988926,
					"rtt":	84,
					"rttvar":	21,
					"pmtu":	65535,
					"omitted":	false,
					"sender":	true
				}],
			"sum":	{
				"start":	8.00041,
				"end":	9.00038,
				"seconds":	0.999970018863678,
				"bytes":	1757675520,
				"bits_per_second":	14061825749.514732,
				"retransmits":	0,
				"omitted":	false,
				"sender":	true
			}
		}, {
			"streams":	[{
					"socket":	5,
					"start":	9.00038,
					"end":	10.00061,
					"seconds":	1.0002299547195435,
					"bytes":	1766850560,
					"bits_per_second":	14131554862.264935,
					"retransmits":	0,
					"snd_cwnd":	7988926,
					"rtt":	85,
					"rttvar":	23,
					"pmtu":	65535,
					"omitted":	false,
					"sender":	true
				}],
			"sum":	{
				"start":	9.00038,
				"end":	10.00061,
				"seconds":	1.0002299547195435,
				"bytes":	1766850560,
				"bits_per_second":	14131554862.264935,
				"retransmits":	0,
				"omitted":	false,
				"sender":	true
			}
		}, {
			"streams":	[{
					"socket":	5,
					"start":	10.00061,
					"end":	11.000222,
					"seconds":	0.99961197376251221,
					"bytes":	1812725760,
					"bits_per_second":	14507435345.552732,
					"retransmits":	0,
					"snd_cwnd":	12179838,
					"rtt":	75,
					"rttvar":	26,
					"pmtu":	65535,
					"omitted":	false,
					"sender":	true
				}],
			"sum":	{
				"start":	10.00061,
				"end":	11.000222,
				"seconds":	0.99961197376251221,
				"bytes":	1812725760,
				"bits_per_second":	14507435345.552732,
				"retransmits":	0,
				"omitted":	false,
				"sender":	true
			}
		}, {
			"streams":	[{
					"socket":	5,
					"start":	11.000222,
					"end":	12.000115,
					"seconds":	0.99989300966262817,
					"bytes":	1880883200,
					"bits_per_second":	15048675662.886171,
					"retransmits":	1,
					"snd_cwnd":	12179838,
					"rtt":	70,
					"rttvar":	16,
					"pmtu":	65535,
					"omitted":	false,
					"sender":	true
				}],
			"sum":	{
				"start":	11.000222,
				"end":	12.000115,
				"seconds":	0.99989300966262817,
				"bytes":	1880883200,
				"bits_per_second":	15048675662.886171,
				"retransmits":	1,
				"omitted":	false,
				"sender":	true
			}
		}, {
			"streams":	[{
					"socket":	5,
					"start":	12.000115,
					"end":	13.000421,
					"seconds":	1.0003060102462769,
					"bytes":	1848115200,
					"bits_per_second":	14780398646.570093,
					"retransmits":	0,
					"snd_cwnd":	12179838,
					"rtt":	69,
					"rttvar":	18,