{
	"start":	{
		"connected":	[{
				"socket":	5,
				"local_host":	"172.16.53.128",
				"local_port":	46084,
				"remote_host":	"172.16.53.128",
				"remote_port":	25201
			}],
		"version":	"iperf 3.9",
		"system_info":	"Linux vastbase 5.15.0-78-generic #85-Ubuntu SMP Fri Jul 7 15:25:09 UTC 2023 x86_64",
		"timestamp":	{
			"time":	"Fri, 17 Apr 2026 02:28:23 GMT",
			"timesecs":	1776392903
		},
		"connecting_to":	{
			"host":	"172.16.53.128",
			"port":	25201
		},
		"cookie":	"v7ehg4sbo5dbqacwwflvf33up7xpvewuqpxj",
		"tcp_mss_default":	32768,
		"sock_bufsize":	0,
		"sndbuf_actual":	250000,
		"rcvbuf_actual":	250000,
		"test_start":	{
			"protocol":	"TCP",
			"num_streams":	1,
			"blksize":	131072,
			"omit":	0,
			"duration":	10,
			"bytes":	0,
			"blocks":	0,
			"reverse":	0,
			"tos":	0
		}
	},
	"intervals":	[{
			"streams":	[{
					"socket":	5,
					"start":	0,
					"end":	1.000028,
					"seconds":	1.0000280141830444,
					"bytes":	1890058240,
					"bits_per_second":	15120042344.366125,
					"retransmits":	0,
					"snd_cwnd":	1244177,
					"rtt":	87,
					"rttvar":	6,
					"pmtu":	65535,
					"omitted":	false,
					"sender":	true
				}],
			"sum":	{
				"start":	0,
				"end":	1.000028,
				"seconds":	1.0000280141830444,
				"bytes":	1890058240,
				"bits_per_second":	15120042344.366125,
				"retransmits":	0,
				"omitted":	false,
				"sender":	true
			}
		}, {
			"streams":	[{
					"socket":	5,
					"start":	1.000028,
					"end":	2.000264,
					"seconds":	1.0002360343933105,
					"bytes":	1829631928,
					"bits_per_second":	14633601390.773781,
					"retransmits":	0,
					"snd_cwnd":	1571592,
					"rtt":	94,
					"rttvar":	16,
					"pmtu":	65535,
					"omitted":	false,
					"sender":	true
				}],
			"sum":	{
				"start":	1.000028,
				"end":	2.000264,
				"seconds":	1.0002360343933105,
				"bytes":	1829631928,
				"bits_per_second":	14633601390.773781,
				"retransmits":	0,
				"omitted":	false,
				"sender":	true
			}
		}, {
			"streams":	[{
					"socket":	5,
					"start":	2.000264,
					"end":	3.0005,
					"seconds":	1.0002360343933105,
					"bytes":	1897922560,
					"bits_per_second":	15179797525.700445,
					"retransmits":	0,
					"snd_cwnd":	2553837,
					"rtt":	83,
					"rttvar":	4,
					"pmtu":	65535,
					"omitted":	false,
					"sender":	true
				}],
			"sum":	{
				"start":	2.000264,
				"end":	3.0005,
				"seconds":	1.0002360343933105,
				"bytes":	1897922560,
				"bits_per_second":	15179797525.700445,
				"retransmits":	0,
				"omitted":	false,
				"sender":	true
			}
		}, {
			"streams":	[{
					"socket":	5,
					"start":	3.0005,
					"end":	4.000523,
					"seconds":	1.0000230073928833,
					"bytes":	2013265920,
					"bits_per_second":	16105756808.525423,
					"retransmits":	0,
					"snd_cwnd":	4780259,
					"rtt":	88,
					"rttvar":	8,
					"pmtu":	65535,
					"omitted":	false,
					"sender":	true
				}],
			"sum":	{
				"start":	3.0005,
				"end":	4.000523,
				"seconds":	1.0000230073928833,
				"bytes":	2013265920,
				"bits_per_second":	16105756808.525423,
				"retransmits":	0,
				"omitted":	false,
				"sender":	true
			}
		}, {
			"streams":	[{
					"socket":	5,
					"start":	4.000523,
					"end":	5.000459,
					"seconds":	0.99993598461151123,
					"bytes":	1876951040,
					"bits_per_second":	15016569611.537451,
					"retransmits":	0,
					"snd_cwnd":	5042191,
					"rtt":	1399,
					"rttvar":	2492,
					"pmtu":	65535,
					"omitted":	false,
					"sender":	true
				}],
			"sum":	{
				"start":	4.000523,
				"end":	5.000459,
				"seconds":	0.99993598461151123,
				"bytes":	1876951040,
				"bits_per_second":	15016569611.537451,
				"retransmits":	0,
				"omitted":	false,
				"sender":	true
			}
		}, {
			"streams":	[{
					"socket":	5,
					"start":	5.000459,
					"end":	6.002025,
					"seconds":	1.0015660524368286,
					"bytes":	783810560,
					"bits_per_second":	6260679926.9442053,
					"retransmits":	0,
					"snd_cwnd":	6155402,
					"rtt":	117,
					"rttvar":	109,
					"pmtu":	65535,
					"omitted":	false,
					"sender":	true
				}],
			"sum":	{
				"start":	5.000459,
				"end":	6.002025,
				"seconds":	1.0015660524368286,
				"bytes":	783810560,
				"bits_per_second":	6260679926.9442053,
				"retransmits":	0,
				"omitted":	false,
				"sender":	true
			}
		}, {
			"streams":	[{
					"socket":	5,
					"start":	6.002025,
					"end":	7.000365,
					"seconds":	0.99834001064300537,
					"bytes":	795607040,
					"bits_per_second":	6375439481.6857615,
					"retransmits":	0,
					"snd_cwnd":	6744749,
					"rtt":	85,
					"rttvar":	17,
					"pmtu":	65535,
					"omitted":	false,
					"sender":	true
				}],
			"sum":	{
				"start":	6.002025,
				"end":	7.000365,
				"seconds":	0.99834001064300537,
				"bytes":	795607040,
				"bits_per_second":	6375439481.6857615,
				"retransmits":	0,
				"omitted":	false,
				"sender":	true
			}
		}, {
			"streams":	[{
					"socket":	5,
					"start":	7.000365,
					"end":	8.000313,
					"seconds":	0.999948024749756,
					"bytes":	2022440960,
					"bits_per_second":	16180368658.710079,
					"retransmits":	0,
					"snd_cwnd":	6744749,
					"rtt":	92,
					"rttvar":	21,
					"pmtu":	65535,
					"omitted":	false,
					"sender":	true
				}],
			"sum":	{
				"start":	7.000365,
				"end":	8.000313,
				"seconds":	0.999948024749756,
				"bytes":	2022440960,
				"bits_per_second":	16180368658.710079,
				"retransmits":	0,
				"omitted":	false,
				"sender":	true
			}
		}, {
			"streams":	[{
					"socket":	5,
					"start":	8.000313,
					"end":	9.00008,
					"seconds":	0.999767005443573,
					"bytes":	1829765120,
					"bits_per_second":	14641532357.337009,
					"retransmits":	0,
					"snd_cwnd":	7988926,
					"rtt":	89,
					"rttvar":	5,
					"pmtu":	65535,
					"omitted":	false,
					"sender":	true
				}],
			"sum":	{
				"start":	8.000313,
				"end":	9.00008,
				"seconds":	0.999767005443573,
				"bytes":	1829765120,
				"bits_per_second":	14641532357.337009,
				"retransmits":	0,
				"omitted":	false,
				"sender":	true
			}
		}, {
			"streams":	[{
					"socket":	5,
					"start":	9.00008,
					"end":	10.000149,
					"seconds":	1.00006902217865,
					"bytes":	2102394880,
					"bits_per_second":	16817998225.121971,
					"retransmits":	0,
					"snd_cwnd":	10673729,
					"rtt":	84,
					"rttvar":	8,
					"pmtu":	65535,
					"omitted":	false,
					"sender":	true
				}],
			"sum":	{
				"start":	9.00008,
				"end":	10.000149,
				"seconds":	1.00006902217865,
				"bytes":	2102394880,
				"bits_per_second":	16817998225.121971,
				"retransmits":	0,
				"omitted":	false,
				"sender":	true
			}
		}],
	"end":	{
		"streams":	[{
				"sender":	{
					"socket":	5,
					"start":	0,
					"end":	10.000149,
					"seconds":	10.000149,
					"bytes":	17041848248,
					"bits_per_second":	13633275462.595606,
					"retransmits":	0,
					"max_snd_cwnd":	10673729,
					"max_rtt":	1399,
					"min_rtt":	83,
					"mean_rtt":	221,
					"sender":	true
				},
				"receiver":	{
					"socket":	5,
					"start":	0,
					"end":	20.050173,
					"seconds":	10.000149,
					"bytes":	17041848248,
					"bits_per_second":	6799681278.7600384,
					"sender":	true
				}
			}],
		"sum_sent":	{
			"start":	0,
			"end":	10.000149,
			"seconds":	10.000149,
			"bytes":	17041848248,
			"bits_per_second":	13633275462.595606,
			"retransmits":	0,
			"sender":	true
		},
		"sum_received":	{
			"start":	0,
			"end":	20.050173,
			"seconds":	20.050173,
			"bytes":	17041848248,
			"bits_per_second":	6799681278.7600384,
			"sender":	true
		},
		"cpu_utilization_percent":	{
			"host_total":	84.8237947963829,
			"host_user":	1.6908553105261896,
			"host_system":	83.132939485856724,
			"remote_total":	33.278212552047137,
			"remote_user":	3.42580634082547,
			"remote_system":	29.852406211221666
		},
		"sender_tcp_congestion":	"cubic",
		"receiver_tcp_congestion":	"cubic"
	}
}
