{
	"start":	{
		"connected":	[{
				"socket":	5,
				"local_host":	"172.16.53.128",
				"local_port":	58930,
				"remote_host":	"172.16.53.128",
				"remote_port":	25201
			}],
		"version":	"iperf 3.9",
		"system_info":	"Linux vastbase 5.15.0-78-generic #85-Ubuntu SMP Fri Jul 7 15:25:09 UTC 2023 x86_64",
		"timestamp":	{
			"time":	"Fri, 17 Apr 2026 02:53:26 GMT",
			"timesecs":	1776394406
		},
		"connecting_to":	{
			"host":	"172.16.53.128",
			"port":	25201
		},
		"cookie":	"vciovqtj4vvwphx2mtnhzrqmuw6s4f7oh6hu",
		"tcp_mss_default":	32768,
		"sock_bufsize":	0,
		"sndbuf_actual":	250000,
		"rcvbuf_actual":	250000,
		"test_start":	{
			"protocol":	"TCP",
			"num_streams":	1,
			"blksize":	131072,
			"omit":	0,
			"duration":	10,
			"bytes":	0,
			"blocks":	0,
			"reverse":	0,
			"tos":	0
		}
	},
	"intervals":	[{
			"streams":	[{
					"socket":	5,
					"start":	0,
					"end":	1.007356,
					"seconds":	1.00735604763031,
					"bytes":	891289600,
					"bits_per_second":	7078248864.215642,
					"retransmits":	1,
					"snd_cwnd":	7006681,
					"rtt":	1840,
					"rttvar":	3529,
					"pmtu":	65535,
					"omitted":	false,
					"sender":	true
				}],
			"sum":	{
				"start":	0,
				"end":	1.007356,
				"seconds":	1.00735604763031,
				"bytes":	891289600,
				"bits_per_second":	7078248864.215642,
				"retransmits":	1,
				"omitted":	false,
				"sender":	true
			}
		}, {
			"streams":	[{
					"socket":	5,
					"start":	1.007356,
					"end":	2.000363,
					"seconds":	0.993007004261017,
					"bytes":	941096960,
					"bits_per_second":	7581795141.1156654,
					"retransmits":	7,
					"snd_cwnd":	7399579,
					"rtt":	118,
					"rttvar":	72,
					"pmtu":	65535,
					"omitted":	false,
					"sender":	true
				}],
			"sum":	{
				"start":	1.007356,
				"end":	2.000363,
				"seconds":	0.993007004261017,
				"bytes":	941096960,
				"bits_per_second":	7581795141.1156654,
				"retransmits":	7,
				"omitted":	false,
				"sender":	true
			}
		}, {
			"streams":	[{
					"socket":	5,
					"start":	2.000363,
					"end":	3.000609,
					"seconds":	1.0002460479736328,
					"bytes":	1932001280,
					"bits_per_second":	15452208255.470589,
					"retransmits":	1,
					"snd_cwnd":	7530545,
					"rtt":	137,
					"rttvar":	17,
					"pmtu":	65535,
					"omitted":	false,
					"sender":	true
				}],
			"sum":	{
				"start":	2.000363,
				"end":	3.000609,
				"seconds":	1.0002460479736328,
				"bytes":	1932001280,
				"bits_per_second":	15452208255.470589,
				"retransmits":	1,
				"omitted":	false,
				"sender":	true
			}
		}, {
			"streams":	[{
					"socket":	5,
					"start":	3.000609,
					"end":	4.000117,
					"seconds":	0.999508023262024,
					"bytes":	1882193920,
					"bits_per_second":	15064962971.34037,
					"retransmits":	0,
					"snd_cwnd":	7530545,
					"rtt":	99,
					"rttvar":	7,
					"pmtu":	65535,
					"omitted":	false,
					"sender":	true
				}],
			"sum":	{
				"start":	3.000609,
				"end":	4.000117,
				"seconds":	0.999508023262024,
				"bytes":	1882193920,
				"bits_per_second":	15064962971.34037,
				"retransmits":	0,
				"omitted":	false,
				"sender":	true
			}
		}, {
			"streams":	[{
					"socket":	5,
					"start":	4.000117,
					"end":	5.000145,
					"seconds":	1.0000280141830444,
					"bytes":	1888747520,
					"bits_per_second":	15109556878.107897,
					"retransmits":	0,
					"snd_cwnd":	7530545,
					"rtt":	105,
					"rttvar":	9,
					"pmtu":	65535,
					"omitted":	false,
					"sender":	true
				}],
			"sum":	{
				"start":	4.000117,
				"end":	5.000145,
				"seconds":	1.0000280141830444,
				"bytes":	1888747520,
				"bits_per_second":	15109556878.107897,
				"retransmits":	0,
				"omitted":	false,
				"sender":	true
			}
		}, {
			"streams":	[{
					"socket":	5,
					"start":	5.000145,
					"end":	6.000559,
					"seconds":	1.00041401386261,
					"bytes":	1958215680,
					"bits_per_second":	15659242296.611237,
					"retransmits":	0,
					"snd_cwnd":	7857960,
					"rtt":	98,
					"rttvar":	2,
					"pmtu":	65535,
					"omitted":	false,
					"sender":	true
				}],
			"sum":	{
				"start":	5.000145,
				"end":	6.000559,
				"seconds":	1.00041401386261,
				"bytes":	1958215680,
				"bits_per_second":	15659242296.611237,
				"retransmits":	0,
				"omitted":	false,
				"sender":	true
			}
		}, {
			"streams":	[{
					"socket":	5,
					"start":	6.000559,
					"end":	7.000617,
					"seconds":	1.0000580549240112,
					"bytes":	2077491200,
					"bits_per_second":	16618964787.262131,
					"retransmits":	0,
					"snd_cwnd":	7857960,
					"rtt":	90,
					"rttvar":	3,
					"pmtu":	65535,
					"omitted":	false,
					"sender":	true
				}],
			"sum":	{
				"start":	6.000559,
				"end":	7.000617,
				"seconds":	1.0000580549240112,
				"bytes":	2077491200,
				"bits_per_second":	16618964787.262131,
				"retransmits":	0,
				"omitted":	false,
				"sender":	true
			}
		}, {
			"streams":	[{
					"socket":	5,
					"start":	7.000617,
					"end":	8.000067,
					"seconds":	0.99945002794265747,
					"bytes":	2018508800,
					"bits_per_second":	16156956274.48267,
					"retransmits":	0,
					"snd_cwnd":	11786940,
					"rtt":	95,
					"rttvar":	2,
					"pmtu":	65535,
					"omitted":	false,
					"sender":	true
				}],
			"sum":	{
				"start":	7.000617,
				"end":	8.000067,
				"seconds":	0.99945002794265747,
				"bytes":	2018508800,
				"bits_per_second":	16156956274.48267,
				"retransmits":	0,
				"omitted":	false,
				"sender":	true
			}
		}, {
			"streams":	[{
					"socket":	5,
					"start":	8.000067,
					"end":	9.014853,
					"seconds":	1.0147860050201416,
					"bytes":	1255669760,
					"bits_per_second":	9898991541.37489,
					"retransmits":	1,
					"snd_cwnd":	11786940,
					"rtt":	1860,
					"rttvar":	3512,
					"pmtu":	65535,
					"omitted":	false,
					"sender":	true
				}],
			"sum":	{
				"start":	8.000067,
				"end":	9.014853,
				"seconds":	1.0147860050201416,
				"bytes":	1255669760,
				"bits_per_second":	9898991541.37489,
				"retransmits":	1,
				"omitted":	false,
				"sender":	true
			}
		}, {
			"streams":	[{
					"socket":	5,
					"start":	9.014853,
					"end":	10.010903,
					"seconds":	0.996050000190735,
					"bytes":	925368320,
					"bits_per_second":	7432304160.0144577,
					"retransmits":	5,
					"snd_cwnd":	11786940,
					"rtt":	2297,
					"rttvar":	4392,
					"pmtu":	65535,
					"omitted":	false,
					"sender":	true
				}],
			"sum":	{
				"start":	9.014853,
				"end":	10.010903,
				"seconds":	0.996050000190735,
				"bytes":	925368320,
				"bits_per_second":	7432304160.0144577,
				"retransmits":	5,
				"omitted":	false,
				"sender":	true
			}
		}],
	"end":	{
		"streams":	[{
				"sender":	{
					"socket":	5,
					"start":	0,
					"end":	10.010903,
					"seconds":	10.010903,
					"bytes":	15770583040,
					"bits_per_second":	12602725680.190887,
					"retransmits":	15,
					"max_snd_cwnd":	11786940,
					"max_rtt":	2297,
					"min_rtt":	90,
					"mean_rtt":	673,
					"sender":	true
				},
				"receiver":	{
					"socket":	5,
					"start":	0,
					"end":	10.054631,
					"seconds":	10.010903,
					"bytes":	15770583040,
					"bits_per_second":	12547915912.577995,
					"sender":	true
				}
			}],
		"sum_sent":	{
			"start":	0,
			"end":	10.010903,
			"seconds":	10.010903,
			"bytes":	15770583040,
			"bits_per_second":	12602725680.190887,
			"retransmits":	15,
			"sender":	true
		},
		"sum_received":	{
			"start":	0,
			"end":	10.054631,
			"seconds":	10.054631,
			"bytes":	15770583040,
			"bits_per_second":	12547915912.577995,
			"sender":	true
		},
		"cpu_utilization_percent":	{
			"host_total":	78.330435901751329,
			"host_user":	1.0666574265659496,
			"host_system":	77.263768575077478,
			"remote_total":	52.424974192370222,
			"remote_user":	4.5670300139310767,
			"remote_system":	47.857935978382024
		},
		"sender_tcp_congestion":	"cubic",
		"receiver_tcp_congestion":	"cubic"
	}
}
