{
	"start":	{
		"connected":	[{
				"socket":	5,
				"local_host":	"172.16.53.128",
				"local_port":	65468,
				"remote_host":	"172.16.53.128",
				"remote_port":	25201
			}],
		"version":	"iperf 3.9",
		"system_info":	"Linux vastbase 5.15.0-78-generic #85-Ubuntu SMP Fri Jul 7 15:25:09 UTC 2023 x86_64",
		"timestamp":	{
			"time":	"Fri, 17 Apr 2026 02:29:03 GMT",
			"timesecs":	1776392943
		},
		"connecting_to":	{
			"host":	"172.16.53.128",
			"port":	25201
		},
		"cookie":	"nakaflabrqoaexydy5ecio4b7t4aw5vebu6k",
		"tcp_mss_default":	32768,
		"sock_bufsize":	0,
		"sndbuf_actual":	250000,
		"rcvbuf_actual":	250000,
		"test_start":	{
			"protocol":	"TCP",
			"num_streams":	1,
			"blksize":	131072,
			"omit":	0,
			"duration":	10,
			"bytes":	0,
			"blocks":	0,
			"reverse":	0,
			"tos":	0
		}
	},
	"intervals":	[{
			"streams":	[{
					"socket":	5,
					"start":	0,
					"end":	1.000563,
					"seconds":	1.0005630254745483,
					"bytes":	1679032320,
					"bits_per_second":	13424700111.848858,
					"retransmits":	0,
					"snd_cwnd":	6155402,
					"rtt":	97,
					"rttvar":	19,
					"pmtu":	65535,
					"omitted":	false,
					"sender":	true
				}],
			"sum":	{
				"start":	0,
				"end":	1.000563,
				"seconds":	1.0005630254745483,
				"bytes":	1679032320,
				"bits_per_second":	13424700111.848858,
				"retransmits":	0,
				"omitted":	false,
				"sender":	true
			}
		}, {
			"streams":	[{
					"socket":	5,
					"start":	1.000563,
					"end":	2.00054,
					"seconds":	0.9999769926071167,
					"bytes":	2059141120,
					"bits_per_second":	16473507972.470089,
					"retransmits":	0,
					"snd_cwnd":	6482817,
					"rtt":	92,
					"rttvar":	2,
					"pmtu":	65535,
					"omitted":	false,
					"sender":	true
				}],
			"sum":	{
				"start":	1.000563,
				"end":	2.00054,
				"seconds":	0.9999769926071167,
				"bytes":	2059141120,
				"bits_per_second":	16473507972.470089,
				"retransmits":	0,
				"omitted":	false,
				"sender":	true
			}
		}, {
			"streams":	[{
					"socket":	5,
					"start":	2.00054,
					"end":	3.000484,
					"seconds":	0.999943971633911,
					"bytes":	2094530560,
					"bits_per_second":	16757183357.603779,
					"retransmits":	0,
					"snd_cwnd":	6482817,
					"rtt":	93,
					"rttvar":	4,
					"pmtu":	65535,
					"omitted":	false,
					"sender":	true
				}],
			"sum":	{
				"start":	2.00054,
				"end":	3.000484,
				"seconds":	0.999943971633911,
				"bytes":	2094530560,
				"bits_per_second":	16757183357.603779,
				"retransmits":	0,
				"omitted":	false,
				"sender":	true
			}
		}, {
			"streams":	[{
					"socket":	5,
					"start":	3.000484,
					"end":	4.000343,
					"seconds":	0.99985897541046143,
					"bytes":	2057830400,
					"bits_per_second":	16464965164.954155,
					"retransmits":	0,
					"snd_cwnd":	6482817,
					"rtt":	91,
					"rttvar":	5,
					"pmtu":	65535,
					"omitted":	false,
					"sender":	true
				}],
			"sum":	{
				"start":	3.000484,
				"end":	4.000343,
				"seconds":	0.99985897541046143,
				"bytes":	2057830400,
				"bits_per_second":	16464965164.954155,
				"retransmits":	0,
				"omitted":	false,
				"sender":	true
			}
		}, {
			"streams":	[{
					"socket":	5,
					"start":	4.000343,
					"end":	5.000223,
					"seconds":	0.999880015850067,
					"bytes":	2091909120,
					"bits_per_second":	16737281168.453184,
					"retransmits":	0,
					"snd_cwnd":	6482817,
					"rtt":	86,
					"rttvar":	7,
					"pmtu":	65535,
					"omitted":	false,
					"sender":	true
				}],
			"sum":	{
				"start":	4.000343,
				"end":	5.000223,
				"seconds":	0.999880015850067,
				"bytes":	2091909120,
				"bits_per_second":	16737281168.453184,
				"retransmits":	0,
				"omitted":	false,
				"sender":	true
			}
		}, {
			"streams":	[{
					"socket":	5,
					"start":	5.000223,
					"end":	6.000156,
					"seconds":	0.99993300437927246,
					"bytes":	2085355520,
					"bits_per_second":	16683961912.384516,
					"retransmits":	0,
					"snd_cwnd":	6482817,
					"rtt":	95,
					"rttvar":	4,
					"pmtu":	65535,
					"omitted":	false,
					"sender":	true
				}],
			"sum":	{
				"start":	5.000223,
				"end":	6.000156,
				"seconds":	0.99993300437927246,
				"bytes":	2085355520,
				"bits_per_second":	16683961912.384516,
				"retransmits":	0,
				"omitted":	false,
				"sender":	true
			}
		}, {
			"streams":	[{
					"socket":	5,
					"start":	6.000156,
					"end":	7.000941,
					"seconds":	1.0007849931716919,
					"bytes":	2031616000,
					"bits_per_second":	16240179569.930553,
					"retransmits":	0,
					"snd_cwnd":	8512790,
					"rtt":	146,
					"rttvar":	192,
					"pmtu":	65535,
					"omitted":	false,
					"sender":	true
				}],
			"sum":	{
				"start":	6.000156,
				"end":	7.000941,
				"seconds":	1.0007849931716919,
				"bytes":	2031616000,
				"bits_per_second":	16240179569.930553,
				"retransmits":	0,
				"omitted":	false,
				"sender":	true
			}
		}, {
			"streams":	[{
					"socket":	5,
					"start":	7.000941,
					"end":	8.004402,
					"seconds":	1.0034610033035278,
					"bytes":	792985600,
					"bits_per_second":	6322004322.1561,
					"retransmits":	0,
					"snd_cwnd":	8512790,
					"rtt":	1116,
					"rttvar":	2044,
					"pmtu":	65535,
					"omitted":	false,
					"sender":	true
				}],
			"sum":	{
				"start":	7.000941,
				"end":	8.004402,
				"seconds":	1.0034610033035278,
				"bytes":	792985600,
				"bits_per_second":	6322004322.1561,
				"retransmits":	0,
				"omitted":	false,
				"sender":	true
			}
		}, {
			"streams":	[{
					"socket":	5,
					"start":	8.004402,
					"end":	9.000402,
					"seconds":	0.99599999189376831,
					"bytes":	734003200,
					"bits_per_second":	5895608080.11161,
					"retransmits":	0,
					"snd_cwnd":	8512790,
					"rtt":	138,
					"rttvar":	54,
					"pmtu":	65535,
					"omitted":	false,
					"sender":	true
				}],
			"sum":	{
				"start":	8.004402,
				"end":	9.000402,
				"seconds":	0.99599999189376831,
				"bytes":	734003200,
				"bits_per_second":	5895608080.11161,
				"retransmits":	0,
				"omitted":	false,
				"sender":	true
			}
		}, {
			"streams":	[{
					"socket":	5,
					"start":	9.000402,
					"end":	10.000342,
					"seconds":	0.99993997812271118,
					"bytes":	1793064960,
					"bits_per_second":	14345380716.681038,
					"retransmits":	0,
					"snd_cwnd":	8512790,
					"rtt":	93,
					"rttvar":	9,
					"pmtu":	65535,
					"omitted":	false,
					"sender":	true
				}],
			"sum":	{
				"start":	9.000402,
				"end":	10.000342,
				"seconds":	0.99993997812271118,
				"bytes":	1793064960,
				"bits_per_second":	14345380716.681038,
				"retransmits":	0,
				"omitted":	false,
				"sender":	true
			}
		}],
	"end":	{
		"streams":	[{
				"sender":	{
					"socket":	5,
					"start":	0,
					"end":	10.000342,
					"seconds":	10.000342,
					"bytes":	17419468800,
					"bits_per_second":	13935098459.632681,
					"retransmits":	0,
					"max_snd_cwnd":	8512790,
					"max_rtt":	1116,
					"min_rtt":	86,
					"mean_rtt":	204,
					"sender":	true
				},
				"receiver":	{
					"socket":	5,
					"start":	0,
					"end":	10.042845,
					"seconds":	10.000342,
					"bytes":	17419468800,
					"bits_per_second":	13876122791.898113,
					"sender":	true
				}
			}],
		"sum_sent":	{
			"start":	0,
			"end":	10.000342,
			"seconds":	10.000342,
			"bytes":	17419468800,
			"bits_per_second":	13935098459.632681,
			"retransmits":	0,
			"sender":	true
		},
		"sum_received":	{
			"start":	0,
			"end":	10.042845,
			"seconds":	10.042845,
			"bytes":	17419468800,
			"bits_per_second":	13876122791.898113,
			"sender":	true
		},
		"cpu_utilization_percent":	{
			"host_total":	83.562827147020741,
			"host_user":	1.6665508499837576,
			"host_system":	81.896276297037,
			"remote_total":	70.069247030241073,
			"remote_user":	6.4710678725662438,
			"remote_system":	63.598179157674814
		},
		"sender_tcp_congestion":	"cubic",
		"receiver_tcp_congestion":	"cubic"
	}
}
