{
	"start":	{
		"connected":	[{
				"socket":	5,
				"local_host":	"172.16.53.128",
				"local_port":	44894,
				"remote_host":	"172.16.54.140",
				"remote_port":	25201
			}],
		"version":	"iperf 3.9",
		"system_info":	"Linux vastbase 5.15.0-78-generic #85-Ubuntu SMP Fri Jul 7 15:25:09 UTC 2023 x86_64",
		"timestamp":	{
			"time":	"Thu, 23 Apr 2026 02:19:48 GMT",
			"timesecs":	1776910788
		},
		"connecting_to":	{
			"host":	"172.16.54.140",
			"port":	25201
		},
		"cookie":	"e5i7dge2dljzbexc2i5jcfgzqwl4bi2qvxey",
		"tcp_mss_default":	1448,
		"sock_bufsize":	0,
		"sndbuf_actual":	250000,
		"rcvbuf_actual":	250000,
		"test_start":	{
			"protocol":	"TCP",
			"num_streams":	1,
			"blksize":	131072,
			"omit":	0,
			"duration":	2,
			"bytes":	0,
			"blocks":	0,
			"reverse":	0,
			"tos":	0
		}
	},
	"intervals":	[{
			"streams":	[{
					"socket":	5,
					"start":	0,
					"end":	1.000087,
					"seconds":	1.0000870227813721,
					"bytes":	123131872,
					"bits_per_second":	984969261.23532128,
					"retransmits":	133,
					"snd_cwnd":	2487664,
					"rtt":	21890,
					"rttvar":	157,
					"pmtu":	1500,
					"omitted":	false,
					"sender":	true
				}],
			"sum":	{
				"start":	0,
				"end":	1.000087,
				"seconds":	1.0000870227813721,
				"bytes":	123131872,
				"bits_per_second":	984969261.23532128,
				"retransmits":	133,
				"omitted":	false,
				"sender":	true
			}
		}, {
			"streams":	[{
					"socket":	5,
					"start":	1.000087,
					"end":	2.000096,
					"seconds":	1.0000089406967163,
					"bytes":	115343360,
					"bits_per_second":	922738630.07376,
					"retransmits":	0,
					"snd_cwnd":	2703416,
					"rtt":	23928,
					"rttvar":	208,
					"pmtu":	1500,
					"omitted":	false,
					"sender":	true
				}],
			"sum":	{
				"start":	1.000087,
				"end":	2.000096,
				"seconds":	1.0000089406967163,
				"bytes":	115343360,
				"bits_per_second":	922738630.07376,
				"retransmits":	0,
				"omitted":	false,
				"sender":	true
			}
		}],
	"end":	{
		"streams":	[{
				"sender":	{
					"socket":	5,
					"start":	0,
					"end":	2.000096,
					"seconds":	2.000096,
					"bytes":	238475232,
					"bits_per_second":	953855142.95313823,
					"retransmits":	133,
					"max_snd_cwnd":	2703416,
					"max_rtt":	23928,
					"min_rtt":	21890,
					"mean_rtt":	22909,
					"sender":	true
				},
				"receiver":	{
					"socket":	5,
					"start":	0,
					"end":	2.0494148731231689,
					"seconds":	2.000096,
					"bytes":	230056792,
					"bits_per_second":	898038928.1528306,
					"sender":	true
				}
			}],
		"sum_sent":	{
			"start":	0,
			"end":	2.000096,
			"seconds":	2.000096,
			"bytes":	238475232,
			"bits_per_second":	953855142.95313823,
			"retransmits":	133,
			"sender":	true
		},
		"sum_received":	{
			"start":	0,
			"end":	2.0494148731231689,
			"seconds":	2.0494148731231689,
			"bytes":	230056792,
			"bits_per_second":	898038928.1528306,
			"sender":	true
		},
		"cpu_utilization_percent":	{
			"host_total":	7.43148467975797,
			"host_user":	0.8620950276815762,
			"host_system":	6.5693896520763948,
			"remote_total":	0.0001496979642286125,
			"remote_user":	5.506351824305823e-06,
			"remote_system":	0.0001441902062879062
		},
		"sender_tcp_congestion":	"cubic",
		"receiver_tcp_congestion":	"cubic"
	}
}
